"","Name","URL"
"1","Section Palaeorubra","http://ifpni.org/infragenus.htm?id=0A9F1D6F-6B06-B0F9-95C3-55146E54697F"
"2","Section Palaeospicata","http://ifpni.org/infragenus.htm?id=3056C906-BFCD-070F-F303-CB89C3D889CC"
"3","Section Briardina","http://ifpni.org/infragenus.htm?id=8099520F-4499-BAF3-10E5-131A89DDF82C"
"4","Section Clavatae","http://ifpni.org/infragenus.htm?id=4B6AF144-47EF-4747-9CF7-F91BE048D99A"
"5","Section Obliquae","http://ifpni.org/infragenus.htm?id=1BA3CBF5-D523-438C-B6FC-37E1F4981D88"
"6","Subgenus Platypterygium","http://ifpni.org/infragenus.htm?id=02BF1502-9A79-97C0-3A72-CBCE47FF5BD9"
"7","Subgenus Bunyalites","http://ifpni.org/infragenus.htm?id=4931706E-F318-8A75-26BB-B5552BF0696F"
"8","Section Perpendicula","http://ifpni.org/infragenus.htm?id=0D60C3B4-A9E9-C184-071E-1515C6393B8B"
"9","Section Yezonia","http://ifpni.org/infragenus.htm?id=024B1EAA-AD13-19B9-FC3B-E80AEF812523"
"10","Section Filifera","http://ifpni.org/infragenus.htm?id=E432D6FB-F98D-4900-AAC1-049FD3F76184"
"11","Subgenus Florschuetzia","http://ifpni.org/infragenus.htm?id=46736043-08C4-45B0-BD8E-9F311B5C5D4F"
"12","Section Kremastospora","http://ifpni.org/infragenus.htm?id=99EBC916-8186-4AA2-9AFE-98035245C046"
"13","Section Simplicispora","http://ifpni.org/infragenus.htm?id=50B5B4BF-A465-4029-954E-0661AC457B2C"
"14","Subgenus Spiralopsis","http://ifpni.org/infragenus.htm?id=0B6BBB76-AA82-45C4-893F-4E4B790E9AEE"
"15","Subgenus Trinodella","http://ifpni.org/infragenus.htm?id=A5396DE5-F89B-4245-859D-E53171A7D29A"
"16","Section Stipidium","http://ifpni.org/infragenus.htm?id=3D0F0684-E229-76E4-FF5F-579CDD42D508"
"17","Section Palaeocostata","http://ifpni.org/infragenus.htm?id=3B353AF9-5F06-4488-92E8-95AA8E13B94D"
"18","Subgenus Cyclostigma","http://ifpni.org/infragenus.htm?id=4D515447-AF33-4496-A93C-3CDA41D2A0CB"
"19","Subgenus Porodendron","http://ifpni.org/infragenus.htm?id=FE8B6D94-690B-419F-B1FA-8FC93B25A4D4"
"20","Subgenus Rhytidodendron","http://ifpni.org/infragenus.htm?id=FACCF967-E34B-435F-8F58-FFC14E2AC061"
"21","Section Tridentata","http://ifpni.org/infragenus.htm?id=222C59C5-2078-4001-816F-1FEE52B4C7E4"
"22","Section Crassa","http://ifpni.org/infragenus.htm?id=0B5AB5A0-3D17-4071-BD67-7367EBFCB998"
"23","Section Ovula","http://ifpni.org/infragenus.htm?id=C7BB90AC-C0DF-44C1-8E6B-01E9834C3154"
"24","Section Tenuicostata","http://ifpni.org/infragenus.htm?id=3E308DFD-4C32-4962-8192-EAAC635D64BE"
"25","Subgenus Archaeocalamites","http://ifpni.org/infragenus.htm?id=EACBC649-1C07-46CD-AF7F-E8E9754ACA40"
"26","Section Arthrodendron","http://ifpni.org/infragenus.htm?id=0D927EF2-8CE8-4088-9695-FA245FE0AB75"
"27","Subgenus Arthrodendron","http://ifpni.org/infragenus.htm?id=F6DFDD54-EDFB-850E-8530-98412AAEB43C"
"28","Section Arthropitys","http://ifpni.org/infragenus.htm?id=29D079F2-83FF-45E4-A1B2-B8B3DCF06747"
"29","Subgenus Arthropitys","http://ifpni.org/infragenus.htm?id=A8C61809-52A8-5107-A295-E0CD0C0BAAF5"
"30","Subgenus Asterocalamites","http://ifpni.org/infragenus.htm?id=FCA6372B-07CD-4BE8-ACDB-44BD7CEDBCA1"
"31","Subgenus Calamitina","http://ifpni.org/infragenus.htm?id=9D2AF44C-C851-4A0F-8B07-4B191795EDC5"
"32","Subgenus Calamodendron","http://ifpni.org/infragenus.htm?id=5D43DA73-E7CC-2DB5-4B24-9561468F84B5"
"33","Section Calamodendron","http://ifpni.org/infragenus.htm?id=EE941040-7DE0-462D-BE2C-22C1EF02FFD0"
"34","Section Cyclocladia","http://ifpni.org/infragenus.htm?id=CB0D5405-93F6-451A-8C54-04DD71F5C26E"
"35","Section Eucalamites","http://ifpni.org/infragenus.htm?id=39A20CBA-26E7-4366-8849-E888342E5313"
"36","Subgenus Eucalamites","http://ifpni.org/infragenus.htm?id=DA154290-C7C3-4224-A1BC-5F845B6B3587"
"37","Subgenus Stylocalamites","http://ifpni.org/infragenus.htm?id=1C0BAF99-8FCF-476B-97F7-CC6775882B0D"
"38","Section Stylocalamites","http://ifpni.org/infragenus.htm?id=F9ED8917-DE38-4982-9101-9081CE2449E8"
"39","Subgenus Feonia","http://ifpni.org/infragenus.htm?id=6AAFE1BA-AE32-49DB-A74D-67E6853EA773"
"40","Subgenus Tessellaria","http://ifpni.org/infragenus.htm?id=61BDAECD-229E-499B-9D71-EBD33D946C9C"
"41","Unranked Aneuroptera","http://ifpni.org/infragenus.htm?id=303DA399-B91E-4CD1-A4D9-D65B43FE6A92"
"42","Unranked Phleboptera","http://ifpni.org/infragenus.htm?id=F06FBF57-616A-4758-BB19-CE337B9E0C9C"
"43","Unranked Cheilanthitae","http://ifpni.org/infragenus.htm?id=4BF9C385-DE22-E81D-D965-2BB822DDAC8E"
"44","Unranked Davallitae","http://ifpni.org/infragenus.htm?id=2E45EEC0-8866-CD1A-ECCB-B3234527AB92"
"45","Unranked Dicksonitae","http://ifpni.org/infragenus.htm?id=976D7C31-C1C0-9097-42EC-1B955741E420"
"46","Subgenus Gigartinides","http://ifpni.org/infragenus.htm?id=66F81D18-D511-4260-97E3-8C12C1520183"
"47","Subgenus Leptochondrides","http://ifpni.org/infragenus.htm?id=5E53CC44-0A63-1A3D-FD9A-D64EB3A7996D"
"48","Subgenus Phycopsis","http://ifpni.org/infragenus.htm?id=6B894361-2FF3-0C3F-FB39-A33A8F2AB724"
"49","Subgenus Aurifolia","http://ifpni.org/infragenus.htm?id=EB4C281A-5D4A-4896-AF65-6798BCE2AB94"
"50","Subgenus Diversifolia","http://ifpni.org/infragenus.htm?id=173CD05F-9618-4FD6-A166-1F76739C89FF"
"51","Section Cocculodendroides","http://ifpni.org/infragenus.htm?id=8396FD44-B7A3-48FF-8DD7-14874DA26805"
"52","Subgenus Avushia","http://ifpni.org/infragenus.htm?id=8E91DE47-5328-4C59-9209-6C4574EF72C6"
"53","Section Comptoniella","http://ifpni.org/infragenus.htm?id=20B60749-4E98-4713-8F6A-7575446022BB"
"54","Section Palaeocomptonia","http://ifpni.org/infragenus.htm?id=0F7C8564-FA47-471B-A048-C5E6CB3E5CC0"
"55","Section Exiguidae","http://ifpni.org/infragenus.htm?id=272F540A-10C5-4622-8B2C-B744FF4090AA"
"56","Subgenus Exiguidae","http://ifpni.org/infragenus.htm?id=DE049D47-361C-2F66-656B-0CA252002881"
"57","Section Hyalinoidae","http://ifpni.org/infragenus.htm?id=11B11A85-F3FA-45BA-A302-B750E21A9F7C"
"58","Subgenus Obtusisporis","http://ifpni.org/infragenus.htm?id=5D42391E-8E7F-4EB5-D9B1-E9F9C884E59B"
"59","Unranked Baccifer","http://ifpni.org/infragenus.htm?id=98B1BDE9-AE9E-451C-A39F-972B42589B85"
"60","Unranked Gemmifer","http://ifpni.org/infragenus.htm?id=4C4B5F69-EF7D-457B-9E7F-C060FF50A27D"
"61","Section Communes","http://ifpni.org/infragenus.htm?id=79B64254-F00D-4AE2-A1FB-6CBF475344AB"
"62","Section Costatae","http://ifpni.org/infragenus.htm?id=253B3614-8EBC-48A5-A647-75B5AE49157B"
"63","Section Grandifoliae","http://ifpni.org/infragenus.htm?id=8DEBDF99-4642-463A-87C2-B1046D4FD0E6"
"64","Subgenus Papillophyllites","http://ifpni.org/infragenus.htm?id=CE5754E3-3E0B-457E-858A-84264D9B7E1C"
"65","Unranked Pseudo-Cordaites","http://ifpni.org/infragenus.htm?id=5FAE73C3-07FC-4BF4-8229-74EFFF46C9B4"
"66","Section Serpentes","http://ifpni.org/infragenus.htm?id=CA16BED9-D718-4771-9912-E95080196E06"
"67","Subgenus Sparsistomites","http://ifpni.org/infragenus.htm?id=62EAEB64-BE5B-4FF4-9737-F6F92C1DE976"
"68","Subgenus Dunstania","http://ifpni.org/infragenus.htm?id=C9494BA2-1879-4E37-91AB-533D83DFE58D"
"69","Section Chondrophyllum","http://ifpni.org/infragenus.htm?id=0AD60514-0A95-1159-7694-93CF3D737138"
"70","Section Ettingshausenia","http://ifpni.org/infragenus.htm?id=BD576FF3-3A60-A889-4AF6-6FCFE2586C25"
"71","Subgenus Ctenidiopsis","http://ifpni.org/infragenus.htm?id=17B1E059-5AD3-2928-0CFD-AC1628F2E2F8"
"72","Unranked Cupressinium","http://ifpni.org/infragenus.htm?id=629D29EE-2CCD-4AE3-A44A-DD8A3D664FF8"
"73","Unranked Juniperinium","http://ifpni.org/infragenus.htm?id=64E3840E-B9FA-49B5-B685-9240BB71F8A4"
"74","Unranked Sequoinium","http://ifpni.org/infragenus.htm?id=F24E5987-8FEC-4DB2-99D1-5C2BEFEE256A"
"75","Unranked Taxodinium","http://ifpni.org/infragenus.htm?id=221D8255-0D25-4D65-AE6C-334F482F799B"
"76","Unranked Thuinium","http://ifpni.org/infragenus.htm?id=3886DB67-3936-4608-AF0A-3AE35C0D6AEA"
"77","Subgenus Leiocycadeospermum","http://ifpni.org/infragenus.htm?id=2A1AAC9A-CA45-C379-A190-12692B3FD7FC"
"78","Subgenus Pleurocycadeospermum","http://ifpni.org/infragenus.htm?id=05875052-91F1-A0CC-763F-CE3893FDFAB8"
"79","Subgenus Mantellia","http://ifpni.org/infragenus.htm?id=F5E93375-8ABE-4A2E-AE5D-13F3B4A5BEBC"
"80","Subgenus Eury-Cycadolepis","http://ifpni.org/infragenus.htm?id=76FF0B1D-96E1-48DC-8F00-78CF93F3CBDF"
"81","Section Adianthoides","http://ifpni.org/infragenus.htm?id=D089E03B-0FC9-6E23-8CD1-F2F4BC32FB78"
"82","Unranked Adiantites","http://ifpni.org/infragenus.htm?id=28B7E03D-7F57-C2FC-BC52-D62CE04B60FC"
"83","Subgenus Aneimites","http://ifpni.org/infragenus.htm?id=C1F40521-EB61-489F-9C32-D12384A6D0C7"
"84","Subgenus Aneimites","http://ifpni.org/infragenus.htm?id=F2E553F7-667D-4F70-8740-A64A0ECBB089"
"85","Subgenus Archaeopteris","http://ifpni.org/infragenus.htm?id=2C85BF63-F5D1-44E4-8651-EFA2AE92B291"
"86","Unranked Eucyclopterides","http://ifpni.org/infragenus.htm?id=33301B58-2666-4674-8EA5-7DC999DC9ADC"
"87","Subgenus Eucyclopteris","http://ifpni.org/infragenus.htm?id=A98BBE36-5C96-519C-2922-96191B7DB6F1"
"88","Subgenus Neuropteris","http://ifpni.org/infragenus.htm?id=5A30F902-FDC2-4346-8197-B9155BF181EE"
"89","Section Neuropteroides","http://ifpni.org/infragenus.htm?id=7F16042C-36B5-237F-DDDE-85388E675729"
"90","Subgenus Neuropteroides","http://ifpni.org/infragenus.htm?id=AAA2C106-EEC1-8986-8AC6-66342DACC973"
"91","Unranked Neuropteroides","http://ifpni.org/infragenus.htm?id=FB5D5B49-6EA5-4D30-2123-7625403D2FF4"
"92","Section Odontopteroides","http://ifpni.org/infragenus.htm?id=14EE3838-8BB0-845E-1BF6-C92AB3FCA646"
"93","Subgenus Eucyclostigma","http://ifpni.org/infragenus.htm?id=54517664-D2E7-45FA-995E-FA0A2A1354E7"
"94","Subgenus Pinakodendron","http://ifpni.org/infragenus.htm?id=230D7633-1F4A-4437-B81C-CBF73515DA23"
"95","Unranked Colymboxylon","http://ifpni.org/infragenus.htm?id=22A771EC-755F-4A79-E61F-7F5C2CC5A045"
"96","Unranked Medulloxylon","http://ifpni.org/infragenus.htm?id=8E0CE8D7-FCA7-5F80-B1A0-A619068EF3CA"
"97","Subgenus Dewalquea","http://ifpni.org/infragenus.htm?id=DB633248-D573-DADE-A98D-973AC3B67C47"
"98","Subgenus Camptopteris","http://ifpni.org/infragenus.htm?id=583EC6BD-CDC5-F9FA-3995-F3CFACA061C1"
"99","Section Acrotheca","http://ifpni.org/infragenus.htm?id=3338CFBF-EC53-48D5-A299-94A97276C946"
"100","Section Divisoidae","http://ifpni.org/infragenus.htm?id=9496AEB5-2493-477E-BFBF-6278900940FD"
"101","Section Partitoidae","http://ifpni.org/infragenus.htm?id=A8EDC269-643D-44AF-801D-40AB29D98277"
"102","Subgenus Bjuvia","http://ifpni.org/infragenus.htm?id=5E22F186-6221-4D77-929C-682DFD0B2ADF"
"103","Section Dryophanes","http://ifpni.org/infragenus.htm?id=A207D5AB-0603-1755-02F0-FA87FB97A4A8"
"104","Section Eudryophyllum","http://ifpni.org/infragenus.htm?id=0C304394-0BAD-73E2-77A6-1FC561E60B55"
"105","Section Eudryophyllum","http://ifpni.org/infragenus.htm?id=A6379A14-DF66-4E45-AE43-EB081AD3CE30"
"106","Subgenus Ardengostella","http://ifpni.org/infragenus.htm?id=5AB64375-2F69-A669-78C4-D2C18C750249"
"107","Section Palaeocarya","http://ifpni.org/infragenus.htm?id=74C446FF-EDBE-4872-B148-CDFAD9FA4AA8"
"108","Section Tomskiella","http://ifpni.org/infragenus.htm?id=04AEAFF4-D1D9-4CB9-9FE8-E4704C2A4E44"
"109","Subgenus Cretacea","http://ifpni.org/infragenus.htm?id=7E847B07-1F04-40D6-BB96-32BE8D286069"
"110","Subgenus Sphaerophyton","http://ifpni.org/infragenus.htm?id=9DA0FB57-2F36-DAEF-E59E-246B11EE503C"
"111","Subgenus Zonophytum","http://ifpni.org/infragenus.htm?id=353B754C-0337-96FF-1618-3D0D21C21235"
"112","Subgenus Palaeocleyera","http://ifpni.org/infragenus.htm?id=BF357495-CF88-FB9E-0C8A-34281CAFA7D9"
"113","Subgenus Palaeocleyera","http://ifpni.org/infragenus.htm?id=E36E4DEC-DDF8-DC79-9FB4-A988B4155663"
"114","Section Atumescoidae","http://ifpni.org/infragenus.htm?id=358A1B8C-8EFB-4A9E-9D3C-A2695777DC98"
"115","Section Basaloidae","http://ifpni.org/infragenus.htm?id=30F0ABF1-62E9-4787-954D-717C467917BE"
"116","Section Conjunctoidae","http://ifpni.org/infragenus.htm?id=D0844B80-067D-49FC-9602-A35FF253B5CB"
"117","Section Hemiperfectoidae","http://ifpni.org/infragenus.htm?id=25EF3C12-3852-40A9-9845-DEAABA478FD9"
"118","Section lnterporoidae","http://ifpni.org/infragenus.htm?id=E4F00DB5-EEA1-47E3-A1AC-226CADCBFC46"
"119","Section Nudoidae","http://ifpni.org/infragenus.htm?id=7D8112B2-A7DD-4C26-8854-8F7469B0FF2D"
"120","Section Pertrudoidae","http://ifpni.org/infragenus.htm?id=B70B3AF1-CAC4-480E-B0C4-A8BF167E8491"
"121","Section Pompeckjoidae","http://ifpni.org/infragenus.htm?id=0D411906-F7D3-429B-B91E-846B4310B39F"
"122","Section Dictyopteris","http://ifpni.org/infragenus.htm?id=A82359F2-E9DD-44E4-9813-93513E70CE92"
"123","Subgenus Glossopteris","http://ifpni.org/infragenus.htm?id=4E279394-A5F0-BD98-CE70-6D58AA13DDDD"
"124","Section Glossopteris","http://ifpni.org/infragenus.htm?id=F2D1CB3A-96EB-4FCC-9927-0F6AF4BA5EDB"
"125","Subgenus Hymenopteris","http://ifpni.org/infragenus.htm?id=F5155D3A-4E26-4DF1-A5F2-493B495D7519"
"126","Subgenus Neuropteris","http://ifpni.org/infragenus.htm?id=25C35505-1BDB-BE33-2A45-E6AA009B5922"
"127","Section Neuropteris","http://ifpni.org/infragenus.htm?id=98154330-77C9-4578-8A6D-BDB933115619"
"128","Section Odontopteris","http://ifpni.org/infragenus.htm?id=1EA82DA1-96C2-460F-A7C9-4818D13855D9"
"129","Subgenus Odontopteris","http://ifpni.org/infragenus.htm?id=F53CEE16-7CEC-B64E-9156-EF577071B160"
"130","Section Pecopteris","http://ifpni.org/infragenus.htm?id=2D4D1737-E325-4A5F-83F8-C443F2C6B64F"
"131","Subgenus Pecopteris","http://ifpni.org/infragenus.htm?id=EEF72176-88EF-4175-809C-20DD197966F2"
"132","Subgenus Sphenopteris","http://ifpni.org/infragenus.htm?id=2CCDF6FC-AD4F-34AD-8640-423E07B16708"
"133","Section Sphenopteris","http://ifpni.org/infragenus.htm?id=954D40CD-0BFC-45C4-8554-7BE0C9F81837"
"134","Section Amansites","http://ifpni.org/infragenus.htm?id=AAFF91F4-F8D0-4A7D-878A-6EB6D0C35E6C"
"135","Section Caulerpites","http://ifpni.org/infragenus.htm?id=79061E51-1BAC-4BEF-9172-E9099BE8D4BF"
"136","Section Cladorytes","http://ifpni.org/infragenus.htm?id=C97E8A9B-8127-6C30-F81E-2E66EB69E00B"
"137","Section Delesserites","http://ifpni.org/infragenus.htm?id=07F3D953-D762-45FB-A042-A8034BC52286"
"138","Section Dictyotites","http://ifpni.org/infragenus.htm?id=9A12D16C-A918-4B6B-ADD6-463DA2D73903"
"139","Section Encoelites","http://ifpni.org/infragenus.htm?id=78D98616-428C-4FF6-B6F8-BD85D307C377"
"140","Section Fucites","http://ifpni.org/infragenus.htm?id=779F9318-9A6A-4422-AAC5-69525EAD7C97"
"141","Section Gigartinites","http://ifpni.org/infragenus.htm?id=813FD7BE-6402-4A86-93EB-E87AC52295FD"
"142","Section Laminarites","http://ifpni.org/infragenus.htm?id=452C2F9A-A997-440D-BF20-98473FEC3742"
"143","Section Sargassites","http://ifpni.org/infragenus.htm?id=B4AA34FA-46D6-4430-8731-355676E90A6A"
"144","Subgenus Didymosorus","http://ifpni.org/infragenus.htm?id=84E8B58A-6968-4375-9559-8E9BEEA90DA0"
"145","Subgenus Laticrassisporis","http://ifpni.org/infragenus.htm?id=105073DF-F043-F314-669F-499DD0EA418D"
"146","Subgenus Peregrinisporis","http://ifpni.org/infragenus.htm?id=3DD3CF85-624D-DF3A-6A4A-A2D75B42401A"
"147","Subgenus Radiatisporis","http://ifpni.org/infragenus.htm?id=538B04AC-A91F-005A-4BF8-A033EBD1AD45"
"148","Subgenus Toridistalisporis","http://ifpni.org/infragenus.htm?id=EEA14A7A-56D4-F256-6BBE-DEDBA6149437"
"149","Subgenus Triplexisporis","http://ifpni.org/infragenus.htm?id=D20F3A29-8C84-52C1-4F02-4BF92727E0E2"
"150","Section Didymosorus","http://ifpni.org/infragenus.htm?id=3E1B035E-8901-88BE-0931-339B421783EC"
"151","Section Eugleichenia","http://ifpni.org/infragenus.htm?id=4DCC4DA9-8B66-9950-6035-76D985E7252D"
"152","Section Mertensia","http://ifpni.org/infragenus.htm?id=091F95E5-3B87-893E-A4BF-FBA76478F746"
"153","Unranked Desmophlebis","http://ifpni.org/infragenus.htm?id=34705D8B-888A-DFF3-2A74-42A62B3724D8"
"154","Section Bleasdalea","http://ifpni.org/infragenus.htm?id=85B49D7C-81AD-4193-966B-525A210322E3"
"155","Subgenus Protorhipis","http://ifpni.org/infragenus.htm?id=C92580E6-2180-4BD8-9F6E-E308E57765F0"
"156","Section Incertoidae","http://ifpni.org/infragenus.htm?id=420EECEB-2DA1-4BDF-A135-9E28F9296EB4"
"157","Section Magnoidae","http://ifpni.org/infragenus.htm?id=8851BEF4-A46F-4EB5-8636-689A0AF57471"
"158","Unranked Eujuglandites","http://ifpni.org/infragenus.htm?id=00CC3172-FC7D-431C-844E-A05B4CA83E1D"
"159","Unranked Hicorites","http://ifpni.org/infragenus.htm?id=3B85ECE7-075F-4AF4-A6F2-1EF9D2643190"
"160","Section Hicorites","http://ifpni.org/infragenus.htm?id=D3A1C00C-CBA9-4887-AA3D-E381E9DE9BD5"
"161","Unranked Oxycedrites","http://ifpni.org/infragenus.htm?id=842249EE-4BBB-4A90-8CBB-5070CA352044"
"162","Unranked Sabinites","http://ifpni.org/infragenus.htm?id=12069A64-2DA2-4FDF-A960-4084285857C1"
"163","Subgenus Maria","http://ifpni.org/infragenus.htm?id=741BA81E-E537-8463-587C-7090C06B3CDE"
"164","Subgenus Neokoretrophyllites","http://ifpni.org/infragenus.htm?id=7F0E23A8-5E86-4D48-8307-A073B165F310"
"165","Series Lagenospermopteris","http://ifpni.org/infragenus.htm?id=663F6F18-CBFC-4D81-80FB-8287B04754CF"
"166","Series Neuropteroidei","http://ifpni.org/infragenus.htm?id=78AD0AFB-9F35-49BC-BBF4-B7465B000190"
"167","Subgenus Perseoxylon","http://ifpni.org/infragenus.htm?id=61F6252E-8A8B-E00B-C695-F816F78377CE"
"168","Unranked Agathophylloideae","http://ifpni.org/infragenus.htm?id=3F7E83BC-026C-2992-4996-00782F5EAE26"
"169","Unranked Aspidiaria","http://ifpni.org/infragenus.htm?id=FA5E216B-759D-0771-1509-53A68E7A54A3"
"170","Unranked Bergeria","http://ifpni.org/infragenus.htm?id=17DDC9BE-47B2-ACAF-ACF3-8FE3A55471B1"
"171","Subgenus Bergeria","http://ifpni.org/infragenus.htm?id=38EC7EE1-05F7-4DF8-2F97-FFF31B54D850"
"172","Subgenus Neolepidodendron","http://ifpni.org/infragenus.htm?id=19DEB57A-550E-991A-A20A-6F18ACEA34BA"
"173","Subgenus Sagenaria","http://ifpni.org/infragenus.htm?id=0D43DA61-6067-45AD-F31D-F73B0EFD3DA1"
"174","Unranked Sagenaria","http://ifpni.org/infragenus.htm?id=93D6EB4F-47F9-5008-AC9F-DD2A7B569C5C"
"175","Subgenus Ulodendron","http://ifpni.org/infragenus.htm?id=D3DB54D1-2DA9-40FE-A5F7-A5AE64D30DBE"
"176","Unranked Eulimnocarpus","http://ifpni.org/infragenus.htm?id=DA84EA1C-7AB2-4B6D-924A-EB009E9FAF6F"
"177","Unranked Limnocarpella","http://ifpni.org/infragenus.htm?id=2293A8D8-EB3F-4EE8-8892-8B34C3807CBF"
"178","Unranked Palaeoruppia","http://ifpni.org/infragenus.htm?id=C2D084BC-A1D7-4422-B4F1-E1E2D5FCE37E"
"179","Subgenus Paralitanaia","http://ifpni.org/infragenus.htm?id=CA8F92D8-C531-DF9E-1862-8C4747088545"
"180","Unranked Lepidotites","http://ifpni.org/infragenus.htm?id=D73C30BF-F07B-1923-2680-83807E28AC9F"
"181","Unranked Pananthites","http://ifpni.org/infragenus.htm?id=7A6F6112-CB02-42D8-1F60-33799BF1A082"
"182","Section Bizonaria","http://ifpni.org/infragenus.htm?id=9FF13555-0F59-411F-BDB3-013E06DD79F5"
"183","Section Microcingulata","http://ifpni.org/infragenus.htm?id=56380F76-8C23-42BF-90B0-00B3C785CD35"
"184","Subgenus Cavernosotriangulatum","http://ifpni.org/infragenus.htm?id=6EBB75A0-3695-2673-DBAA-D7A9AC63DFE9"
"185","Subgenus Laevigatigranulatum","http://ifpni.org/infragenus.htm?id=60B5A310-E37D-8356-9C64-71B5E766370B"
"186","Subgenus Pilosispinulatum","http://ifpni.org/infragenus.htm?id=D74E0449-8F8D-5B51-5594-6C2183CC0C2C"
"187","Unranked Protolygodium","http://ifpni.org/infragenus.htm?id=A5695A23-C49F-444B-DD59-36B6BB0B1CD8"
"188","Subgenus Tuberculatum","http://ifpni.org/infragenus.htm?id=91CC589E-7834-CEB7-22D1-D60B9E5D46A3"
"189","Subgenus Colpoxylon","http://ifpni.org/infragenus.htm?id=9F144DF1-1764-4E7D-9AE0-5DFBB477E883"
"190","Section Metasequoiella","http://ifpni.org/infragenus.htm?id=E3114F21-47FC-4179-9EC0-B852DE6EF50B"
"191","Section Pachyphyllum","http://ifpni.org/infragenus.htm?id=23ABADB1-F59E-80CD-9826-A7DB45F09F12"
"192","Subgenus Eumuensteria","http://ifpni.org/infragenus.htm?id=3C0D12AA-DFED-8A9C-C94E-39406DB2BEE6"
"193","Subgenus Hydrancylus","http://ifpni.org/infragenus.htm?id=40400411-2445-A39E-3D7A-0C56BC9F87E1"
"194","Subgenus Keckia","http://ifpni.org/infragenus.htm?id=A0E51E79-903F-006E-87FE-F80B3400DD51"
"195","Unranked Hypnites","http://ifpni.org/infragenus.htm?id=CB6B0683-837F-03D6-B169-ACDF3C572E9C"
"196","Unranked Sphagnites","http://ifpni.org/infragenus.htm?id=CC53A33F-8F6F-3E30-3F3D-13C40DEB6C85"
"197","Subgenus Sotzkia","http://ifpni.org/infragenus.htm?id=0D1C6288-B5B2-41F1-ACD0-7167E82F9700"
"198","Subgenus Acutopora","http://ifpni.org/infragenus.htm?id=14C569CB-F6EB-4D7B-A3CE-8DF753544B37"
"199","Section Decaisnella","http://ifpni.org/infragenus.htm?id=2B2B47D1-932B-4838-A3DB-8F967F1FDDD8"
"200","Section Herouvalina","http://ifpni.org/infragenus.htm?id=61D12900-EF57-472E-A380-996DFA222D91"
"201","Subgenus Sulcinephropsis","http://ifpni.org/infragenus.htm?id=19B68D1E-A5AC-4F66-92F7-01833B0CDBBC"
"202","Subgenus Euneuropteris","http://ifpni.org/infragenus.htm?id=40F1E89F-21FD-CAFD-988B-A90E39A9A7A1"
"203","Subgenus Megalopteris","http://ifpni.org/infragenus.htm?id=D127F465-AEEE-47BA-8572-2326D107E19C"
"204","Subgenus Neuropteridium","http://ifpni.org/infragenus.htm?id=33DFD869-4939-4107-A510-FBE7E1921BCC"
"205","Unranked Hisingera","http://ifpni.org/infragenus.htm?id=D3586B52-9832-635D-B93D-76B5B695A049"
"206","Subgenus Planinilssonia","http://ifpni.org/infragenus.htm?id=C08B37FF-5985-44A2-9AF6-E7C074C20689"
"207","Subgenus Sibiriophyllum","http://ifpni.org/infragenus.htm?id=86E3408A-2F44-4065-A66F-9DBB2E85A19C"
"208","Subgenus Microstomella","http://ifpni.org/infragenus.htm?id=2FDCDE24-42AA-45A5-9BA1-9F5ACAE65729"
"209","Subgenus Nudospermopteris","http://ifpni.org/infragenus.htm?id=8F63B951-C37D-458A-B8C9-BA2582A75681"
"210","Subgenus Pseudonudospermopteris","http://ifpni.org/infragenus.htm?id=4A002E47-D55F-402B-90A6-B67C5C8C73C5"
"211","Section Nupharella","http://ifpni.org/infragenus.htm?id=826A64D3-B091-47B9-91DA-1FC7FBB97911"
"212","Subgenus Anotopteris","http://ifpni.org/infragenus.htm?id=1E49CFA8-FB44-4964-0D2A-145A5BEAF7EE"
"213","Section Callipterides","http://ifpni.org/infragenus.htm?id=8F955C61-8EC9-1864-902A-44DB11790A13"
"214","Subgenus Callipteridium","http://ifpni.org/infragenus.htm?id=0346D086-FAB7-759D-5877-68D196A17B50"
"215","Subgenus Callipteris","http://ifpni.org/infragenus.htm?id=BCAA13D0-39DF-C70A-CCBF-B6B3DC6E3F8A"
"216","Subgenus Lescuropteris","http://ifpni.org/infragenus.htm?id=2586C7F6-611E-2EF6-2E99-43BF2B1F90EA"
"217","Subgenus Mixoneura","http://ifpni.org/infragenus.htm?id=9CB378E2-15A0-4F84-9AD0-FAE2DA8A3CB5"
"218","Section Xenopterides","http://ifpni.org/infragenus.htm?id=B58D3878-76BD-7AD8-558D-B9CE3C90BFD6"
"219","Subgenus Xenopteris","http://ifpni.org/infragenus.htm?id=5375EEA9-1885-4CD9-9CC5-CE074145F55A"
"220","Subgenus Cyclozamites","http://ifpni.org/infragenus.htm?id=24940734-A631-5754-97FB-9CDE6E502A96"
"221","Subgenus Rhombozamites","http://ifpni.org/infragenus.htm?id=6D240E14-FF2F-1AEA-6619-48A2BD22A6D5"
"222","Section Sphenozamites","http://ifpni.org/infragenus.htm?id=8603E92C-C0C5-CC25-A524-E1D58B65515F"
"223","Subgenus Neuralethopteris","http://ifpni.org/infragenus.htm?id=4051B2D9-0FA4-386E-850F-73C4E1E8A33D"
"224","Subgenus Neurodontopteris","http://ifpni.org/infragenus.htm?id=050A6B6F-33DA-CB6E-1AAE-86F39E126EB8"
"225","Section Monocosta","http://ifpni.org/infragenus.htm?id=849DB78B-4BCA-E9C2-0722-A4B260C39FB4"
"226","Section Otozamites","http://ifpni.org/infragenus.htm?id=0A8396B5-B5B2-B5BB-F081-5D8E825D5199"
"227","Section Ptilophyllum","http://ifpni.org/infragenus.htm?id=4AB53820-EECC-98DB-948B-01267E29C0AB"
"228","Section Sphenozamites","http://ifpni.org/infragenus.htm?id=0B535FD4-1736-A111-B5A2-1E7896284847"
"229","Subgenus Calymmatoxylon","http://ifpni.org/infragenus.htm?id=9D7E38E1-606B-4C72-93C4-E8DC93EE287E"
"230","Unranked Fasciculites","http://ifpni.org/infragenus.htm?id=FAA2554E-D7E0-4275-9E97-A03DAC2F256D"
"231","Unranked Antiguensia","http://ifpni.org/infragenus.htm?id=D144E905-FC9E-4769-B1BB-9C01204A7175"
"232","Unranked Complanata","http://ifpni.org/infragenus.htm?id=6C3B0B07-9C1E-45B9-8600-0CD8C9E30B72"
"233","Unranked Cordata","http://ifpni.org/infragenus.htm?id=ECD49238-888C-489D-9788-7974CD4F007B"
"234","Unranked Lunaria","http://ifpni.org/infragenus.htm?id=DD02B45B-587C-4A7E-8819-E858A0A724D0"
"235","Unranked Reniformia","http://ifpni.org/infragenus.htm?id=12AB3F51-6B4D-43B3-9ED9-EDD185BD75AC"
"236","Unranked Sagittata","http://ifpni.org/infragenus.htm?id=6EBE5679-F4BE-4468-95C1-DCF4D3E33C76"
"237","Unranked Vaginata","http://ifpni.org/infragenus.htm?id=2494302C-4BE1-4837-B30A-5BDB6CB5AA02"
"238","Unranked Acrostichides","http://ifpni.org/infragenus.htm?id=B8F46936-8677-71C6-2455-08652AD2CC6C"
"239","Subgenus Aplophlebis","http://ifpni.org/infragenus.htm?id=48313E52-F802-3978-A6C0-37DEFFCCA058"
"240","Unranked Aspidides","http://ifpni.org/infragenus.htm?id=ADDBF574-EB27-289E-CB81-3C1C09ABA604"
"241","Unranked Asplenides","http://ifpni.org/infragenus.htm?id=84AAD67F-2CCD-FE34-DDEC-AD89F90202C1"
"242","Subgenus Campylopteris","http://ifpni.org/infragenus.htm?id=51971672-F198-DF52-311E-FF33E61CCB1B"
"243","Unranked Cyatheides","http://ifpni.org/infragenus.htm?id=166B225A-BEFD-A0B1-F41E-C162585CCEC1"
"244","Section Cyathoides","http://ifpni.org/infragenus.htm?id=E2E0C003-1DF8-F52E-1B43-3D5CF977AB0B"
"245","Subgenus Dicrophlebis","http://ifpni.org/infragenus.htm?id=3B3202A1-BED0-FDFA-7201-A7C3AD88F4E7"
"246","Section Diplazioides","http://ifpni.org/infragenus.htm?id=53FFA9EC-E498-D333-CBD2-2D69F43C6F19"
"247","Subgenus Eupecopteris","http://ifpni.org/infragenus.htm?id=8381D31E-2930-8AE6-DF94-95C028E5955C"
"248","Section Goniopteridites","http://ifpni.org/infragenus.htm?id=CEFB78F7-743C-DE44-15A4-C7A324F6F367"
"249","Section Neuropteroides","http://ifpni.org/infragenus.htm?id=B928BAFC-AB87-7FDB-77B9-B67C3E7A34BD"
"250","Subgenus Orthopleuria","http://ifpni.org/infragenus.htm?id=7FE3B825-8C64-EE08-270D-C73A9F5DB1B8"
"251","Section Pteroides","http://ifpni.org/infragenus.htm?id=D7D341C2-77D4-8E17-002E-FE9AE48FBACA"
"252","Subgenus Sphenopecopteris","http://ifpni.org/infragenus.htm?id=DE9D1856-11D7-24A5-88E0-7955D3ABE772"
"253","Section Sphenopteroides","http://ifpni.org/infragenus.htm?id=FFD8E31C-8F29-16F3-C6E8-4D4B6A972DCA"
"254","Section Taeniopteroides","http://ifpni.org/infragenus.htm?id=F8122C2F-28DC-B69F-10B6-CE24F1509313"
"255","Section Unitae","http://ifpni.org/infragenus.htm?id=8CBDB7A3-FEF3-2EB0-BA81-B028A43BA948"
"256","Unranked Calothecae","http://ifpni.org/infragenus.htm?id=80AD655B-E89E-628A-93B6-B526D33DFC8E"
"257","Unranked Lejothecae","http://ifpni.org/infragenus.htm?id=6B4711F7-D73D-4FBA-32D7-7C4F9ECC9C36"
"258","Unranked Belidoxylon","http://ifpni.org/infragenus.htm?id=45D46840-8042-7F38-D591-55AA00B796C3"
"259","Unranked Campoxylon","http://ifpni.org/infragenus.htm?id=4026F865-5533-8392-F6AD-4AF70EF72BD1"
"260","Unranked Colymboxylon","http://ifpni.org/infragenus.htm?id=FB5820D7-2367-F8CA-9416-EF857458B90B"
"261","Unranked Elatoxylon","http://ifpni.org/infragenus.htm?id=1B17E619-3B2A-2C98-6A55-DA2818153E92"
"262","Unranked Phleboxylon","http://ifpni.org/infragenus.htm?id=BC85755D-2567-6453-6B63-408149B9DD01"
"263","Unranked Pitoxylon","http://ifpni.org/infragenus.htm?id=3B365090-E24F-17E2-E190-9C7BCD580DA3"
"264","Unranked Thujoxylon","http://ifpni.org/infragenus.htm?id=93A424C4-1A3C-6B3E-3E65-6A8B2C07357B"
"265","Unranked Tiloxylon","http://ifpni.org/infragenus.htm?id=154CE8F8-9FD4-062D-6053-9A42F2DF9EA6"
"266","Unranked Dictyopteris","http://ifpni.org/infragenus.htm?id=97EF638A-090A-F7CA-E002-0BF018C30D1F"
"267","Subgenus Culgoweria","http://ifpni.org/infragenus.htm?id=7674CB3E-50C1-DE3F-7DC0-9E011F687B8C"
"268","Subgenus Windwardia","http://ifpni.org/infragenus.htm?id=C80EA91B-6426-6E9D-067C-1B06DA5760B3"
"269","Subgenus Aequistomia","http://ifpni.org/infragenus.htm?id=952CF552-8E25-F485-8F4B-E2C6ABFC4DD1"
"270","Section Pseudopicea","http://ifpni.org/infragenus.htm?id=F4B26B60-0293-0FD7-31A9-1FF7ECD68365"
"271","Subgenus Pityanthus","http://ifpni.org/infragenus.htm?id=FE21B019-BF4E-492E-9738-61AB3B692182"
"272","Unranked Pityocladus","http://ifpni.org/infragenus.htm?id=09A899D1-1CD0-43F6-857D-3395DECFAFFD"
"273","Unranked Pityolepis","http://ifpni.org/infragenus.htm?id=D067760E-BE4C-209C-2D6C-2D2FF436F19A"
"274","Unranked Pityophyllum","http://ifpni.org/infragenus.htm?id=A95781BF-87BE-440A-B352-BF48411CC4A3"
"275","Unranked Pityospermum","http://ifpni.org/infragenus.htm?id=95C2F2CC-3903-494B-82C6-6286E5710F16"
"276","Unranked Cedro-Cembra","http://ifpni.org/infragenus.htm?id=9B3D9434-A406-1AC3-9FAE-F7A11D75865B"
"277","Section Mirabilis","http://ifpni.org/infragenus.htm?id=86788BEC-88DB-48C8-A129-6D7A07D6E2F5"
"278","Section Pterocembra","http://ifpni.org/infragenus.htm?id=BA22BAED-4CF4-7BDB-473E-2D3FC1CD5812"
"279","Unranked Strobo-Cembra","http://ifpni.org/infragenus.htm?id=53621776-D197-266B-ED25-CC333A318EC6"
"280","Unranked Pitys","http://ifpni.org/infragenus.htm?id=D829B8E0-F0A7-8708-64CA-69C5807261FE"
"281","Subgenus Glandulosa","http://ifpni.org/infragenus.htm?id=0A2EA23D-F65D-4F6F-BE3D-63C319D8A0E0"
"282","Section Zosterites","http://ifpni.org/infragenus.htm?id=56961163-13A9-797B-74B2-795DCA605317"
"283","Section Stellatoidae","http://ifpni.org/infragenus.htm?id=9B9806B6-484D-4C6B-987F-5D6B295388A5"
"284","Section Validoidae","http://ifpni.org/infragenus.htm?id=101A6657-5859-4BE5-AFC4-98BCE3FD74A7"
"285","Subgenus Elongatum","http://ifpni.org/infragenus.htm?id=3273FFD7-0603-4346-B9C2-4E4EA2231223"
"286","Subgenus Rotundatum","http://ifpni.org/infragenus.htm?id=95691399-FF51-495F-BE65-3A7B275A67A6"
"287","Section Asterolithus","http://ifpni.org/infragenus.htm?id=4ED1DA95-F57C-BBB9-132E-D20A0970BE8B"
"288","Unranked Compressi","http://ifpni.org/infragenus.htm?id=309524CB-AE8F-9ACD-C787-21B3C7DC9CDF"
"289","Unranked Conferti","http://ifpni.org/infragenus.htm?id=5647CF31-4602-1DA5-0E86-B1F1D4D88C39"
"290","Unranked Coronati","http://ifpni.org/infragenus.htm?id=F50927B8-353D-78F5-7F3F-02FD73F8FB12"
"291","Unranked Distichi","http://ifpni.org/infragenus.htm?id=059409AB-A3F1-D414-F752-77A6FC89527E"
"292","Unranked Evaginati","http://ifpni.org/infragenus.htm?id=081D3696-7C36-FE45-018C-E209C00A0EB5"
"293","Section Helmintholithus","http://ifpni.org/infragenus.htm?id=0B2BC10A-5201-ADA4-497F-7C7DE39F0318"
"294","Unranked Jugati","http://ifpni.org/infragenus.htm?id=C6F8958C-D495-87F6-AB81-D0B185D7CADA"
"295","Unranked Radiati","http://ifpni.org/infragenus.htm?id=A90BF02E-7424-6664-6DFE-55CC4B6DFCA6"
"296","Unranked Reticulati","http://ifpni.org/infragenus.htm?id=AAC6819A-D883-5CB0-D818-E622A288B74D"
"297","Unranked Semivaginati","http://ifpni.org/infragenus.htm?id=F2D52798-990A-823A-6948-C64B28D841AE"
"298","Unranked Spirales","http://ifpni.org/infragenus.htm?id=E9619F9A-53F1-3229-62A4-9179D7D89AE9"
"299","Unranked Stellati","http://ifpni.org/infragenus.htm?id=87DCC78C-6738-FDC2-32D0-9C603B1E8EFB"
"300","Subgenus Trimatopteris","http://ifpni.org/infragenus.htm?id=875C48FD-8971-4A09-1ACB-B740EBC0F60D"
"301","Unranked Vaginati","http://ifpni.org/infragenus.htm?id=20C07EFA-9C95-7F86-99E7-23FB405B62BF"
"302","Unranked Verticillati","http://ifpni.org/infragenus.htm?id=CC36A0EB-FB61-01C3-2800-054AA35C4761"
"303","Section Anomozamites","http://ifpni.org/infragenus.htm?id=C9DDCEF6-05E2-4DC5-BD07-DFCE2ED9C349"
"304","Section Ctenis","http://ifpni.org/infragenus.htm?id=CC127FC0-59DA-43F5-B62C-E5A128FE16C3"
"305","Section Osmundites","http://ifpni.org/infragenus.htm?id=026180CC-D236-43A6-A41C-C198D33F887D"
"306","Section Ptilozamites","http://ifpni.org/infragenus.htm?id=2DC48C89-A97E-42F2-A50D-26B83F97BD65"
"307","Subgenus Aspleniopteris","http://ifpni.org/infragenus.htm?id=1B62BFBE-7174-A194-B10E-E96FCBFCD931"
"308","Subgenus Ctenis","http://ifpni.org/infragenus.htm?id=0DB86C1B-5216-9EE0-8D72-5271B6B26E5D"
"309","Subgenus Nilssonia","http://ifpni.org/infragenus.htm?id=B492FFC2-F99E-45E9-A129-02DFD61E3F55"
"310","Subgenus Pterophyllum","http://ifpni.org/infragenus.htm?id=990846BF-3B87-5908-156A-415868CD840C"
"311","Subgenus Taeniopteroides","http://ifpni.org/infragenus.htm?id=389BD31F-1985-63A3-25D7-41435CDF9498"
"312","Unranked Bicornes","http://ifpni.org/infragenus.htm?id=E632096C-6EF8-4615-9517-23B4255F2C34"
"313","Unranked Castaneopses","http://ifpni.org/infragenus.htm?id=F58A8792-45D9-4D85-996D-90806F38C3C6"
"314","Unranked Dalliae","http://ifpni.org/infragenus.htm?id=62F446FA-5880-4423-AEFC-2290BCEEA24F"
"315","Unranked Distinctae","http://ifpni.org/infragenus.htm?id=D220AECA-B49B-498F-8678-AD1F5DAF9027"
"316","Unranked Fraxinifoliae","http://ifpni.org/infragenus.htm?id=F8CE0F2F-E9EC-41D4-8627-7793B1678AD9"
"317","Unranked Lambertenses","http://ifpni.org/infragenus.htm?id=DD51E187-8E7C-49DD-BC4A-15B351069CA6"
"318","Unranked Lobatae","http://ifpni.org/infragenus.htm?id=266DF7CB-DA32-4867-928E-8F647C7F306E"
"319","Unranked Magnifoliae","http://ifpni.org/infragenus.htm?id=F34B5772-2521-49DE-B647-EE8E105B2F39"
"320","Unranked Myricaefoliae","http://ifpni.org/infragenus.htm?id=6AEA482E-0B19-4440-B338-32CA32B7EC16"
"321","Unranked Paucidentatae","http://ifpni.org/infragenus.htm?id=B31FECFD-3059-4BAA-BFBF-83F70DC5E096"
"322","Unranked Simulatae","http://ifpni.org/infragenus.htm?id=A78656AE-F0E3-497E-82B9-3BB12A814351"
"323","Unranked Spurio-ilices","http://ifpni.org/infragenus.htm?id=0B285DAE-0DC2-4D0E-B165-D52DD23ACB49"
"324","Unranked Suspectae","http://ifpni.org/infragenus.htm?id=D13F5ADC-E1F2-4D0C-9F3B-B8C583EC7CA7"
"325","Unranked Palaeofrangula","http://ifpni.org/infragenus.htm?id=7A4F59B7-8AF0-560E-5ED7-B81412F36CD3"
"326","Subgenus Alatorufloria","http://ifpni.org/infragenus.htm?id=D63B815F-F1B7-49A3-A36A-4F09C2CE1244"
"327","Subgenus Praerufloria","http://ifpni.org/infragenus.htm?id=13BAA88C-1325-43B2-BFEE-DAE09912209A"
"328","Subgenus Tomentophylla","http://ifpni.org/infragenus.htm?id=6DCA76A8-1E04-4797-8142-C1E6913D0EF7"
"329","Subgenus Tungophylla","http://ifpni.org/infragenus.htm?id=3A794243-70B6-4934-A81E-846D8940A2E1"
"330","Section Imperfectina","http://ifpni.org/infragenus.htm?id=7D99F482-07FA-4435-B7BF-2D7156529C9D"
"331","Section Incurvata","http://ifpni.org/infragenus.htm?id=A95613DC-30B3-4F6D-D410-0628C48EF53E"
"332","Genus Longiuscula","http://ifpni.org/infragenus.htm?id=FAFE97A0-AF31-5B38-D7F4-81610EB1C48D"
"333","Section Rectella","http://ifpni.org/infragenus.htm?id=3AA8287A-AAAD-6FC6-E89E-F0FC622D5F8A"
"334","Section Cerebrata","http://ifpni.org/infragenus.htm?id=E85E734C-8D3E-4C43-8C9F-97CF3F0856CE"
"335","Unranked Araliopsis","http://ifpni.org/infragenus.htm?id=147BFDCF-9C88-4FE9-919D-C527EE0E8EA3"
"336","Unranked Araliopsis","http://ifpni.org/infragenus.htm?id=81C1C9C1-3367-4391-96CE-FB3C9F4B610F"
"337","Subgenus Asolanus","http://ifpni.org/infragenus.htm?id=AEFD8AAB-F9BA-48C6-BAD9-1FC283259CFC"
"338","Section Caulopteris","http://ifpni.org/infragenus.htm?id=7A9D4B5D-83EE-2342-516C-FAF8B4BB76D7"
"339","Section Caulopteroides","http://ifpni.org/infragenus.htm?id=1CC1216E-8D5A-0B53-985B-ABC0486BE4A5"
"340","Unranked Caulopteroides","http://ifpni.org/infragenus.htm?id=586E04E7-743B-E1BE-3E96-271AB6F84EB2"
"341","Section Clathraria","http://ifpni.org/infragenus.htm?id=3FE639C0-D114-C704-6361-B3B0D46DE234"
"342","Subgenus Clathraria","http://ifpni.org/infragenus.htm?id=C6196837-B1C9-4A20-B5B3-DC9C31CB7E37"
"343","Subgenus Favularia","http://ifpni.org/infragenus.htm?id=E3000519-2949-4889-B705-80D157D7C702"
"344","Subgenus Heleniella","http://ifpni.org/infragenus.htm?id=F0B6558A-0D86-4BC2-BBDB-C819813CC8C1"
"345","Section Leiodermariae","http://ifpni.org/infragenus.htm?id=4263BA0C-28B1-D96A-CF52-936BBB4112C5"
"346","Unranked Lineolaria","http://ifpni.org/infragenus.htm?id=4A741575-4E5A-CAAC-B94B-8E79868A4D3F"
"347","Section Lineolaria","http://ifpni.org/infragenus.htm?id=A3924DA7-02BD-68C3-9046-4D98DC31182F"
"348","Subgenus Rhytidolepis","http://ifpni.org/infragenus.htm?id=00ED5B2C-EDF0-45E2-8B46-39382054A2CD"
"349","Section Rhytidolepis","http://ifpni.org/infragenus.htm?id=8DC78C74-5C1E-844A-28EE-CE080CABA251"
"350","Section Syringodendron","http://ifpni.org/infragenus.htm?id=8E0C41B4-3DF2-D5C7-62C2-8AF00E293CAF"
"351","Subgenus Eusphaerococcides","http://ifpni.org/infragenus.htm?id=6A869C49-C68E-2614-4024-AB6332FE9DC5"
"352","Subgenus Halymenides","http://ifpni.org/infragenus.htm?id=4CE0524C-BA9B-F41D-7692-8C5AE4D72F9C"
"353","Subgenus Tikhvinskia","http://ifpni.org/infragenus.htm?id=81D8B8CC-3451-4171-AF1D-45B3F1DF75FE"
"354","Subgenus Aneimiites","http://ifpni.org/infragenus.htm?id=CD40E831-367A-3282-B0B9-373276D5A14D"
"355","Unranked Aspidioides","http://ifpni.org/infragenus.htm?id=9AF725A8-24BA-4826-5789-D953F9BC62E8"
"356","Subgenus Cheilanthites","http://ifpni.org/infragenus.htm?id=E91515E6-E37D-2B08-DE23-70551BBE8B55"
"357","Unranked Cheilanthoides","http://ifpni.org/infragenus.htm?id=D1550C9D-6862-6888-8E90-7C460A69E29C"
"358","Unranked Conjunctae","http://ifpni.org/infragenus.htm?id=03791082-FEA6-EDAD-15EC-92E2D0544216"
"359","Unranked Davallioides","http://ifpni.org/infragenus.htm?id=C0A79D94-981C-6FC3-C207-568042443925"
"360","Subgenus Dicksoniites","http://ifpni.org/infragenus.htm?id=02F1408A-9AE1-9B18-59F2-09482DCA4316"
"361","Unranked Dicksonioides","http://ifpni.org/infragenus.htm?id=3A9AFFA0-2432-5BA9-5136-FD62ED0319DD"
"362","Subgenus Eusphenopteris","http://ifpni.org/infragenus.htm?id=E607B6DA-71FE-5199-B852-9C12537B7FE4"
"363","Subgenus Gymnogrammites","http://ifpni.org/infragenus.htm?id=0D2D05B4-9B33-326C-A29C-3780828E260D"
"364","Subgenus Hymenophyllites","http://ifpni.org/infragenus.htm?id=0BF2A6C3-9215-5E2B-001D-1BAE72448783"
"365","Unranked Solutae","http://ifpni.org/infragenus.htm?id=FF15818A-1B42-EB4D-1DF9-1C8231CBE5A4"
"366","Subgenus Trichomanides","http://ifpni.org/infragenus.htm?id=94D0D060-3ED6-BE1F-CACF-53283AC764BE"
"367","Subgenus Trichomanites","http://ifpni.org/infragenus.htm?id=851AC57F-90AC-D672-71E5-E106C44C7D1D"
"368","Subgenus Cyclozamia","http://ifpni.org/infragenus.htm?id=5687CD4C-0BD5-4619-AD66-E4E2FAAEB95B"
"369","Subgenus Acropteris","http://ifpni.org/infragenus.htm?id=E39C7DA3-251E-B336-9D18-C709E0AA55E5"
"370","Subgenus Notopteris","http://ifpni.org/infragenus.htm?id=B071E7A4-5FEC-A2BD-40E8-D7DBEFBC5E66"
"371","Subgenus Psilastephanoporites","http://ifpni.org/infragenus.htm?id=18F66ECA-947A-FAA9-F797-92263EA6945D"
"372","Subgenus Distancoraesporis","http://ifpni.org/infragenus.htm?id=D6C7F45C-6D4A-FF5F-B102-81E9A4CE3945"
"373","Subgenus Distgranisporis","http://ifpni.org/infragenus.htm?id=F54515D7-D58B-6B15-5F63-C2DB785FA0EC"
"374","Subgenus Distverrusporis","http://ifpni.org/infragenus.htm?id=B005BB91-56DA-8B44-3142-998E7C0DCE7A"
"375","Subgenus Distzonosporis","http://ifpni.org/infragenus.htm?id=4540AA87-8078-0E28-E28A-2101596A2486"
"376","Subgenus Stereigranisporis","http://ifpni.org/infragenus.htm?id=E7EE5253-0BBF-60B0-F91E-27520F808912"
"377","Subgenus Structisporis","http://ifpni.org/infragenus.htm?id=BF76330F-80AC-B004-A95A-0C52C8C74434"
"378","Section Imperfectus","http://ifpni.org/infragenus.htm?id=1FE5B745-E506-4B8D-BD8C-5F58C33867BC"
"379","Section Inversus","http://ifpni.org/infragenus.htm?id=E5804CA6-FAC7-43B7-BE31-4604BB0C4181"
"380","Subgenus Centroporus","http://ifpni.org/infragenus.htm?id=49186FA3-E560-43C9-AB28-15333E937357"
"381","Subgenus Elbursia","http://ifpni.org/infragenus.htm?id=3FB029F6-6E55-4976-81BF-176D0E548071"
"382","Unranked Callitroxylon","http://ifpni.org/infragenus.htm?id=40F80950-4E94-8CE2-03B9-278A327A9FF9"
"383","Subgenus Sulcosphaera","http://ifpni.org/infragenus.htm?id=556DA92B-FC69-49AA-9A7C-43C987116573"
"384","Section Manifestoidae","http://ifpni.org/infragenus.htm?id=87DDF6B1-F934-4FA5-84DF-13813A9BD821"
"385","Section Obscuroidae","http://ifpni.org/infragenus.htm?id=2118877E-6533-4148-B8E8-FEBD86A4975D"
"386","Subgenus Borejella","http://ifpni.org/infragenus.htm?id=681B9E86-5C36-476B-B95E-DD9146F20D70"
"387","Subgenus Paratomiodendron","http://ifpni.org/infragenus.htm?id=A049CE30-4773-18C8-2CE6-4F8607227347"
"388","Section Ceretaniensis","http://ifpni.org/infragenus.htm?id=D3C356A6-3349-4107-974E-DFE4DE5623DD"
"389","Section Heeriensis","http://ifpni.org/infragenus.htm?id=D16E8A8D-A017-43B7-B8A3-54B7386F65FA"
"390","Section Hemitrapa","http://ifpni.org/infragenus.htm?id=3F7BB8D5-C6B4-43ED-A348-FEBEA053ACDA"
"391","Section Hemitrapa","http://ifpni.org/infragenus.htm?id=8EAC23F0-81EF-4FDF-BA32-3D25DCCE0046"
"392","Section Silesiensis","http://ifpni.org/infragenus.htm?id=DBC8BF28-341F-402D-977B-D42FA3C7F681"
"393","Subgenus Stipitrapa","http://ifpni.org/infragenus.htm?id=60A5D258-2F05-433E-B1B0-8C912D77B063"
"394","Section Alabroidae","http://ifpni.org/infragenus.htm?id=399C3153-3B43-4B72-959E-E2C553B62C0A"
"395","Section Anuloferoidae","http://ifpni.org/infragenus.htm?id=4E8E4368-BC9E-42DF-8DE0-C312D25E3ED9"
"396","Section Labroferoidae","http://ifpni.org/infragenus.htm?id=AA7B6E01-B75F-4869-8352-1D287CC215DA"
"397","Section Asperoidae","http://ifpni.org/infragenus.htm?id=0B8A3E64-31EB-452B-9B53-45CA53EA4DB5"
"398","Section Spinosoidae","http://ifpni.org/infragenus.htm?id=E49C6C8F-86A6-4C02-8540-E74E786490AE"
"399","Subgenus Auxiliopollis","http://ifpni.org/infragenus.htm?id=4C90B092-88CE-EA77-B550-910AD4D56057"
"400","Section Clavoferae","http://ifpni.org/infragenus.htm?id=3ADE7E2C-3F1C-4E8D-BE68-DB09C39AD3F2"
"401","Section Cruciporoidae","http://ifpni.org/infragenus.htm?id=276F5EC3-F742-4002-A2D8-71AF658F8AA4"
"402","Section Longoporoidae","http://ifpni.org/infragenus.htm?id=A255E16E-FBB6-426C-BEF3-BE853D28A5A3"
"403","Section Microporoidae","http://ifpni.org/infragenus.htm?id=CD5DBD1C-7708-4D05-B366-0464F378EB8A"
"404","Section Orbiporoidae","http://ifpni.org/infragenus.htm?id=63A5C572-EC36-4483-B12C-55A49B5926E4"
"405","Section Aphanozonati","http://ifpni.org/infragenus.htm?id=F07C1B79-E1DC-46C4-B374-5E7D55B49C68"
"406","Unranked Apiculatae","http://ifpni.org/infragenus.htm?id=C71F6C7B-4437-5857-3954-71396DB4E652"
"407","Subgenus Apiculati","http://ifpni.org/infragenus.htm?id=989E9A88-4ADB-971B-DB84-96074BD451CF"
"408","Section Auriculati","http://ifpni.org/infragenus.htm?id=B2329097-B17E-458B-9DCA-2B73941BBD51"
"409","Unranked Laevigatae","http://ifpni.org/infragenus.htm?id=3A2B3E17-79EA-E18B-27EA-FEF7EC7E009C"
"410","Subgenus Laevigati","http://ifpni.org/infragenus.htm?id=13A436C8-D815-0943-FD35-E10986B45BDD"
"411","Section Lagenicula","http://ifpni.org/infragenus.htm?id=26AA317C-7097-4D89-A270-83C6C92E7FC1"
"412","Unranked Lagenicula","http://ifpni.org/infragenus.htm?id=40D931E7-0186-6B28-A3A8-F3B0A61AA625"
"413","Section Triangulati","http://ifpni.org/infragenus.htm?id=6DFAADBD-6002-486F-A005-02C6A6DEB36D"
"414","Section Zonales","http://ifpni.org/infragenus.htm?id=2ACABDCA-D9B0-4D20-952B-5CBFC5046F67"
"415","Subgenus Zonales","http://ifpni.org/infragenus.htm?id=4329642F-292C-C35D-4891-1888F70BED11"
"416","Subgenus Sinoporella","http://ifpni.org/infragenus.htm?id=61556F95-6BC9-4902-A999-097FBB22C9F0"
"417","Subgenus Eutrochiliscus","http://ifpni.org/infragenus.htm?id=B898D7B1-EBA4-4B46-A9C9-A186BDFF4F4E"
"418","Subgenus Karpinskya","http://ifpni.org/infragenus.htm?id=2D203F6F-160E-4926-AE42-973DE367CB9A"
"419","Section Anuloidaepollenites","http://ifpni.org/infragenus.htm?id=A319EE81-FFB2-378F-CD37-26C70AE352F0"
"420","Section Pertrudoidaepollenites","http://ifpni.org/infragenus.htm?id=F3C019E3-AFEA-D3CF-A880-228FBC93B9C6"
"421","Section Pompeckjoidaepollenites","http://ifpni.org/infragenus.htm?id=2EF40CB8-EB2C-B3E1-B65A-349728E6E578"
"422","Section Protrudoidaepollenites","http://ifpni.org/infragenus.htm?id=FA0B816A-75F0-4F26-A652-FD8845F1E7C9"
"423","Subgenus Palaeotsuga","http://ifpni.org/infragenus.htm?id=1CF8E078-1D01-8E4C-9163-16B215E5138C"
"424","Section Alnaria","http://ifpni.org/infragenus.htm?id=1334E881-1760-475F-88AD-533562510FF9"
"425","Section Itelmenia","http://ifpni.org/infragenus.htm?id=3A4A0557-15CD-4E98-9AFA-FEE7CA812DBB"
"426","Subgenus Zamites","http://ifpni.org/infragenus.htm?id=567C8E87-B30D-45F0-9FD9-4644100D7457"
"427","Section Podozamites","http://ifpni.org/infragenus.htm?id=0BA8063C-EED3-48C2-A47D-808878E0679A"
"428","Subgenus Podozamites","http://ifpni.org/infragenus.htm?id=19FB9F5E-9915-FA38-4651-DDC9200F2C6F"
"429","Unranked Annulati-sporites","http://ifpni.org/infragenus.htm?id=4179ECB0-9A94-49E1-8BE5-7C8E9A1B65D4"
"430","Section Euzosterophyllum","http://ifpni.org/infragenus.htm?id=CB574635-4A1E-4DE3-9ACB-6FA134BBE558"
"431","Section Platyzosterophyllum","http://ifpni.org/infragenus.htm?id=27BF44E6-62CF-41B5-9BFB-5774C217C9B7"
"432","Subgenus Ankyropteris","http://ifpni.org/infragenus.htm?id=2B22E706-E323-C759-113F-0B14701CFA9B"
